height_m,force,current
0.000000000,0.002,0.000001
0.000000005,0.002,0.000001
0.000000010,0.003,0.000001
0.000000015,0.004,0.000001
0.000000020,0.006,0.000002
0.000000025,0.008,0.000002
0.000000030,0.010,0.000003
0.000000035,0.020,0.000005
0.000000040,0.160,0.000008
0.000000045,0.350,0.000020
0.000000050,0.550,0.000080
0.000000055,0.800,0.000200
0.000000060,1.000,0.000400
0.000000065,1.150,0.000600
0.000000070,1.220,0.000800
